{
  "precision@5": 0.08095756256800869,
  "recall@5": 0.20674646354733406,
  "ndcg@5": 0.15106750794825158,
  "hit_rate@5": 0.3590859630032644,
  "precision@10": 0.07410228509249184,
  "recall@10": 0.3817555313746826,
  "ndcg@10": 0.2183681146642048,
  "hit_rate@10": 0.5963003264417845
}