{
  "precision@5": 0.10707290533188248,
  "recall@5": 0.27947043888284373,
  "ndcg@5": 0.20292696743667085,
  "hit_rate@5": 0.47442872687704024,
  "precision@10": 0.09368879216539716,
  "recall@10": 0.48567283278926365,
  "ndcg@10": 0.2828460157499206,
  "hit_rate@10": 0.7138193688792165
}