{
  "precision@5": 0.10990206746463548,
  "recall@5": 0.29252811026478054,
  "ndcg@5": 0.21030395908158833,
  "hit_rate@5": 0.470076169749728,
  "precision@10": 0.09532100108813929,
  "recall@10": 0.5025389916575989,
  "ndcg@10": 0.29167660496785347,
  "hit_rate@10": 0.721436343852013
}